{
 "dom_vel": {"max": 21, "min": 0, "mean": 3.1542678, "std": 1.9442333}, 
 "res_max": {"max": 21, "min": 0, "mean": 3.3772633, "std": 1.9066138}, 
 "max_dew_temp": {"max": 301, "min": 250, "mean": 286.00635, "std": 5.2556643}, 
 "min_dew_temp": {"max": 298, "min": 249, "mean": 281.42838, "std": 5.5293293}, 
 "mean_dew_temp": {"max": 300, "min": 250, "mean": 283.68484, "std": 5.297758}, 
 "max_temp": {"max": 319, "min": 253, "mean": 295.4787, "std": 7.195512}, 
 "min_temp": {"max": 304, "min": 252, "mean": 286.04654, "std": 6.4882855}, 
 "mean_temp": {"max": 311, "min": 253, "mean": 290.88797, "std": 6.6792784}, 
 "rain_7_days": {"max": 2420, "min": 0.0, "mean": 0.005029369, "std": 0.013408612}, 
 "ndvi": {"max": 10000, "min": -2000, "mean": 2032.5, "std": 2840}, 
 "evi": {"max": 10000, "min": -2000, "mean": 1225, "std": 1761}, 
 "lst_day": {"max": 20000, "min": 7500, "mean": 5555.841656055125, 
 "std": 7253.955932725438}, 
 "lst_night": {"max": 19000, "min": 7500, "mean": 5325.288676373827, "std": 6921.655261918272}, 
 "pop": {"max": 2850478.5, "min": 0.0, "mean": 38727.31, "std": 141118.22}, 
 "slope": {"max": 250.0, "min": 69.0, "mean": 241.8354, "std": 11.278141}, 
 "road_dens": {"max": 1346.8986, "min": 0.0, "mean": 85.15466, "std": 127.47959}, 
 "dem": {"max": 2882.9453, "min": -7.000079, "mean": 522.5567, "std": 445.71954}, 
 "curvature": {"max": 0.73661584, "mean": 0.051498357, "min": 0.0, "std": 0.05853522}, 
 "aspect": {"max": 255.0, "min": 0.0, "mean": 126.018456, "std": 73.28073},
 "x":{"max":29.61, "min":19.28},
 "y":{"max":41.88, "min":34.78}
}
